UNITID,CTOTALT,IPEDS_organization,PatentsView_organization,assignee_id,state,IALIAS,STABBR
136215,3948,novasoutheasternuniversity,novasoutheasternuniversity,org_xpn6l3m7ULd7jHbbrIFd,FL, ,FL
123961,3606,universityofsoutherncalifornia,universityofsoutherncalifornia,org_qqyDFgpEZYHSPc7Okk1J,CA,USC,CA
,,,universityofsoutherncaliforniauscstevenscenterforinnovation,org_e9tE9OMbZ8snQkYt8fEF,CA,,
,,,southerncaliforniauniversity,org_ulANRZ5ydJw7zREXGpp5,CA,,
166027,3056,harvarduniversity,harvarduniversity,org_QAav1dk5ETqNuhdkgalr,WA, ,MA
,,,harvarduniversityofficeoftechnologyandtrademarklicensing,org_Cf5fJhqHMN05nMltAmbx,MA,,
,,,harvarduniversitymedicalschool,org_lYTeFaqR4CobM5jH25ky,MA,,
,,,presidentandfellowsofharvardcollege,org_DQM75bj6Pl8IhaiQ7ts7,MA,,
,,,presandfellowofharvardcollege,org_EWG7IMMMbUD4A1kr4eN4,MA,,
,,,presandfellowsofharvardcollege,org_Qy8wr54nv70jgbrGzSwW,MA,,
,,,harvardcollegepresidentfellows,org_CR7tKKM3EqIyoXGvfoCU,MA,,
,,,harvardthepresidentandfellowsofharvardcollege,org_VIim8SlOU6orSFGxoVjl,MA,,
,,,presidentalandfellowsofharvardcollege,org_N0W9cWsaZ2DJvLLAwx73,MA,,
,,,presidentufellowsofharvardcollege,org_MV1DiN9dX0CCuvWuoMtv,MA,,
193900,2992,newyorkuniversity,newyorkuniversity,org_H49JE4cZ5LvkJAEysTIU,NY, ,NY
,,,mountsinaischoolofmedicineofnewyorkuniversity,org_9jlQBFiHiNepdeb3tvsZ,NY,,
,,,polytechnicinstituteofnewyorkuniversity,org_2LRIdBIIhyDe1ffwkeVt,NY,,
,,,newyorkuniversitymedicalcenter,org_KRzxAPNkQjAwJGDoMmef,NY,,
,,,newyorkuniversityschoolofmedicine,org_UsphAOvKF3e8VR9OwWMe,NY,,
,,,themountsinaischoolofmedicineofnewyorkuniversity,org_qBOVv0zdjWk3WDROEftk,NY,,
,,,newyorkuniveristy,org_m4jDYCGfpC3jRF2m5lvp,NY,,
,,,themtsinaischoolofmedicineofnewyorkuniversity,org_XSpHYOVRDH20vbzdXu1b,NY,,
171100,2370,michiganstateuniversity,michiganstateuniversity,org_YCTGf3iNgf2jwt0qDtzy,MI,MSU|Spartans|MI State University|State|MI State U,MI
,,,boardoftrusteesofmichiganstateuniversity,org_IDsGkoJvuDVbjbDJ6fIL,MI,,
,,,boardoftrusteesofmichiganstateuniversityandvahidsendijarevicejointownership,org_8AbdFly0xUsVwWq3CaQK,MI,,
,,,michiganstateuniversityboardoftrustees,org_Jmvce7dFEV0dx2984wHt,MI,,
,,,boardofdirectorsoperatingmichiganstateuniversity,org_8fkJlGfF3kIgpGmgKwfu,MI,,
,,,boardoftrusteesofmichiganstateuniversitytheregentsoftheuniversityofmichigan,org_oKmYi1tl3W1pRkouD1MA,MI,,
216339,2366,templeuniversity,templeuniversity,org_KljoKdww5EFpcYkRElds,PA, ,PA
,,,templeuniversityofthecommonwealthsystemsofhighereducation,org_XqyQuBXmDWZY6OJJBQYN,PA,,
,,,templeuniversityofthecommonwealthsystemofhighereducation,org_0Y88CPtSMIIoDWCBaAeH,PA,,
,,,templeuniversityofficeoftechnologytransfer,org_8sh2Sht8VORlLwJMfN9M,PA,,
131469,2330,georgewashingtonuniversity,georgewashingtonuniversity,org_9wb2oF4MOFItFrIpoZQQ,DC,GWU|GW,DC
,,,thegeorgewashingtonuniversity,org_e9xchACTFm64E9RByjur,DC,,
,,,thegeorgewashingtonuniversitymedicalcenter,org_qOlM4yjv2HHEIM8eOm2z,DC,,
,,,thegeorgewashingtonuniversityandboardofregents,org_dA7Mgo2RMlWu7LxTTiie,DC,,
,,,thegeorgewashingtonuniveristy,org_qezxvlG7ENNmxHx3pd5P,DC,,
145637,2190,universityofillinoisaturbanachampaign,universityofillinoisaturbanachampaign,org_MTe0JlYPv7lrbJAjOFbJ,IL,Illinois|Illinios|Ilinois|Ilinios|Urbana|Champaign|Champagne|Champaign-Urbana|Champagne-Urbana|Urbana-Champaign|Urbana-Champagne|University of Illinois at Urbana|University of Illinois at Champaign|University of Illinois at Champagne|University of Illinois at Champaign-Urbana|University of Illinois at Champagne-Urbana|UIUC|UICU|University of Illinois at UC|University of Illinois at CU,IL
,,,theboardoftrusteesoftheuniversityofillinois,org_c1rJrCkcT4A4LYNe7VSs,CA,,
,,,theboardoftrusteesoftheuniversityofillinoisabodycorporateandpoliticofthestateofillinois,org_HxxFCM1SgTtV4Y0u4xGG,IL,,
,,,thebroadoftrusteesoftheuniversityofillinois,org_517NVyHUdZPPNlpxvnte,IL,,
,,,thebroadoftrussteesoftheuniversityofillinois,org_H3jTSqf5QCRR9dxWILNu,IL,,
,,,theboardsoftrusteesoftheuniversityofillinois,org_ONemHdoHRAmzxPq5vVRh,IL,,
243744,2046,stanforduniversity,stanforduniversity,org_Iborvqnllu2TOSTgMvBi,CA, ,CA
,,,lelandstanfordjunioruniversity,org_C95sGLrdmXEi1p6VMHnf,CA,,
,,,lelandsstanforduniversity,org_guFKe0OapESz82mly24N,CA,,
,,,theboardoftrusteesofthelelandstanfordjunioruniversity,org_LCGAvcmvYTP6xsbNKZ4R,PA,,
,,,stanforduniversityboardoftrusteesofthelelandstanfordjunioruniversity,org_j0bMnbbZja1PVm5h8nCH,CA,,
,,,stanforduniversitymedicalcenter,org_rmlQohTbGAQOi55VpytZ,CA,,
,,,theboardoftrusteeofthelelandstanfordjuinioruniversity,org_hApYP7PfMdVkv8aBCfY7,CA,,
,,,stanfordresearchinstitute,org_sbIXmEgT2QWWRVxUX0Qw,CA,,
,,,theboardoftrusteesoftheleelandstanfordjunioruniversity,org_2EtWmxPs1aXdp83ld0d9,CA,,
,,,boardoftrusteesstanforduniversity,org_zroqrSZiKNDVI9ymmrvx,CA,,
,,,tgeboardoftrusteesofthelelandstanfordjunioruniversity,org_JhP5irPDHCM4FPPjFgGl,CA,,
,,,theboardofthusteesofthelelandstanfordjruniversity,org_Z0Vecf7KdTnPzmmHuJPn,CA,,
,,,theboardofdirectorsofthelelandstanfordjunioruniversity,org_FcYHc5oXhjXa8Pref4mS,CA,,
,,,theboardofthelelandstanfordjunioruniversity,org_N1234EPQDcdpUxNQ8EIg,CA,,
,,,childrenshospitalatstanford,org_G9Wme0JOfPozL58xFxou,CA,,
,,,boardoftrusteesofthelelandstanfordjunioruniversitystanforduniversityofficeoftechnologylicensing,org_RRVR6AL0CW1FzHfHU1Mq,CA,,
,,,licilesalterpackardchildrenshospitalatstanford,org_LSe32f4M0FiVOHIKq0U6,CA,,
198419,2042,dukeuniversity,dukeuniversity,org_h0X2M713cBuTDyvV7Szp,NC, ,NC
,,,dukeuniversitymedicalcenter,org_9K1QrwLGVBHOanqt0JqU,NC,,
,,,dukeuniversityofficeofscienceandtechnology,org_Lw4bIAaoI86xszE1Umux,NC,,
,,,dukeuniversitymdeicalcenter,org_vEbjQhZebKRpDsur7U7G,NC,,
131496,1966,georgetownuniversity,georgetownuniversity,org_9B4yxL2uYRfKyLlraEgd,DC,Georgetown|GU,DC
,,,georgetownuniversityschoolofmedicine,org_T6dxmqifjcH6ZYfuoLlf,DC,,
139959,1934,universityofgeorgia,universityofgeorgia,org_uMjCHOT9HurNKTFYtTY9,GA, ,GA
,,,universityofgeorgiaresearchfoundation,org_YAF7bG1EO5bvo1iBOUQU,GA,,
,,,universityofgeorgiaresearchfoundationinc,org_wmuUnpkPej58VlyESChX,CA,,
,,,univofgeorgiaresearchfoundationinc,org_G1GnN7zI72ZyXpyDwSW7,GA,,
,,,theuniversityofgeorgiaresearchfoundationinc,org_qhbapXGP0OJv6wnNdpCp,GA,,
,,,universityofgeorgiaresearchfoudation,org_qqDgM0MfLiix7SlEAbpl,GA,,
,,,theuniversityofgeorgia,org_jn2aiL4Flgze5LC6M06a,GA,,
,,,theuniversityofgeorgiaresearchfoundation,org_r2SjmP7BEvJyLDgUHjCY,GA,,
,,,theuniveristyofgeorgiaresearchfoundationinc,org_WkwZiY9by6PnfxLX7Xix,GA,,
,,,univeristyofgeorgiaresearchfoundationinc,org_Jg8kcBz72Dsa9i3gu0BT,GA,,
,,,unversityofgeorgiaresearchfoundationinc,org_gXPNFNJ9ei2afCmI1pug,GA,,
,,,universityofgeorgiafoundationinc,org_BwC8gJCgXbt2z9ov57dc,GA,,
147767,1892,northwesternuniversity,northwesternuniversity,org_NF69EX1A1Bu7dAmGACfB,IL, ,IL
147767,1892,northwesternuniversity,northwesternuniversity,org_iBPAhBiE3nv23aST1UYF,IL, ,IL
,,,northwesternuniversityfoundation,org_CYOsUE79zBVoJ6tiFt3j,WI,,
,,,northwesternuniversitybusinessfinanceoffice,org_YbAFZEe39ywkI42V1AM8,IL,,
,,,theboardoftrusteesofnorthwesternuniversity,org_pHYFV5dawQmnnK50Q1uF,IL,,
,,,northwesternuniverstiy,org_SRAe0dtuy8P2g5eopOop,IL,,
,,,northwesternuniv,org_68quohKeMdUapyDxqe95,IL,,
,,,nã´rthwesternuniversity,org_1FwLvosbAd5JDIIx0msN,IL,,
155317,1876,universityofkansas,universityofkansas,org_1uuNFZI1F4QS3OVcPO26,KS,"University of Kansas | Univ of Kansas | Kansas University | KU | Kansas Jayhawks | Univ of KS |University of KS | Kansas Univ | Kansas U, KUMC, University of Kansas Medical Center, KU Medical Center, Kansas University Medical Center",KS
,,,universityofkansasmedicalcenter,org_rL92bMP1RJJxGVK2ezDx,KS,,
,,,univofkansas,org_BWjJTw97oGdqwsh12FIR,KS,,
,,,kansasuniversitymedicalcenter,org_DLDyfRKZciqvoBvo5thD,KS,,
,,,kansasuniversitymedicalcenterresearchinstituteinc,org_O96UhbM4RhPraiVSfsMQ,KS,,
,,,universityofkansasendowmentassociation,org_SHIgHdfDafgp9m5ttnYI,KS,,
112525,1712,westernuniversityofhealthsciences,westernuniversityofhealthsciences,org_JeYmsh6pTKKfwxP9RWET,CA, ,CA
163259,1656,universityofmarylandbaltimore,universityofmarylandbaltimore,org_rs8u3g3FCMq1AhhxMMAs,MD, ,MD
,,,universityofmarylandeasternshore,org_KiQbf9FQQ5anIp1BMkCJ,MD,,
,,,universityofmarylandbiotechnologyinstitute,org_WHlzP8v3bYH8jBUDsDyM,MD,,
,,,univofmarylandbiotechnologyinstitute,org_JzeRPEK20UdLVN7QrZLH,MD,,
,,,universityofmarylandofficeoftechnologycommercialization,org_BELxWRbZN6vwKKgBm9k8,MD,,
,,,theuniversityofmarylandbiotechnologyinstitute,org_DhvQp99ZAW7mOBjgDAJ4,MD,,
,,,universityofmarylandschoolofmedicine,org_gmcjq8eI1VmT6QPnTKks,MD,,
,,,universityofmarylandbaltimoreofficeofcommercialventuresandintellectualproperty,org_fJoEVLvwBWfNsYSAA9ZU,MD,,
,,,constituentinstitutionoftheuniversityofmarylandsystem,org_Rgxtb3SZkF5RPsrIJQDt,MD,,
,,,umbiuniversityofmarylandbiotechnologyinstitute,org_5SPLWCNjFAEVGNHHdw6K,MD,,
225511,1618,universityofhouston,universityofhouston,org_K5bVKHzqL293lH9iHJBi,TX, ,TX
,,,universityofhoustonuniversitypark,org_33Wmn5JOU8SrTQG086BM,TX,,
,,,boardofreagentsuniversityofhouston,org_7SeGcLrxWTOt700rZq2E,TX,,
,,,boardofregentsuniversityofhouston,org_Fzi5p0kgpZywwnKSsrOl,TX,,
,,,thruniversityofhoustonuniversitypark,org_MnKtKj9up7aKeFlc5meV,TX,,
190415,1608,cornelluniversity,cornelluniversity,org_3RgHHp9KQzOLJYwTocRg,NY, ,NY
,,,cornellresearchfoundationinc,org_7rKD0K8hoaKAVIZzMfu0,DE,,
,,,centerfortechnologylicensingatcornelluniversity,org_K5m8H5jMG5yV9ulnH0dG,NY,,
,,,cornellcenterfortechnologyenterpriseandcommercialization,org_qYlJ1J1Ssp9e3HhAI0kF,NY,,
,,,cornelluniversitycornellcenterfortechnologyenterprisecommercialization,org_iU9Y2aFtF3Kbqgb3EW5X,NY,,
,,,cornelluniversityq,org_PCs5Y65iJfuIQM9CE6d3,NY,,
,,,cornellcenterfortechnologyenterprisecommerce,org_wiRc4uRPqU89xEamYwzH,NY,,
,,,cornellresearchfoundationincandtherockefelleruniversity,org_xOqQj66sfMJpTlywqhU9,NY,,
129020,1604,universityofconnecticut,universityofconnecticut,org_bGRP2fm6mreVR6TgedGA,IN, ,CT
,,,universityofconnecticutcenterforscienceandtechnologycommercialization,org_R8ejnvsec1HDib8ur7y9,CT,,
,,,univofconnecticut,org_uuDSBMotFqFCJ48BtTbm,CT,,
,,,universityofconnecticuttechnologycommerializationservices,org_gQjKDBj0ZI1DdDn7RcDT,CT,,
,,,universityofconnecticutofficeofthevicepresidentforresearch,org_yd6ZkP79H1KoXXvjIMo5,CT,,
172644,1590,waynestateuniversity,waynestateuniversity,org_B3Yr0IYfbT9NTrTKkGzY,MI,WSU,MI
,,,bdofgovernorsofwaynestateuniv,org_Q9CfeZf1Pdr05y8nB9oy,MI,,
,,,boardofgovernorsofwaynestateuniversity,org_LO2QLubFJQdsZKQMKPMX,MI,,
,,,waynestateuniveristy,org_U8kvzCp4Pl6mN870W5Ug,MI,,
139658,1570,emoryuniversity,emoryuniversity,org_9lLm228lptyLmI3aYlJU,GA, ,GA
135726,1510,universityofmiami,universityofmiami,org_ju4XEHqzfZzz564TkcZ8,FL, ,FL
,,,universityofmiamischoolofmedicine,org_M4kBLmLWTkharaaw5Epz,FL,,
,,,theuniversityofmiami,org_CybNjRzViqA5ovhWmfet,FL,,
181002,1502,creightonuniversity,creightonuniversity,org_LUztYsuZ6c0gSOd7aQOV,NE, ,NE
,,,creightonuniversityofficeoftechnologylicensing,org_aKUVfWYosXM3jnxPf6Xd,NE,,
234030,1486,virginiacommonwealthuniversity,virginiacommonwealthuniversity,org_swhZbRdWKeUBDLnnkIsW,WA,VCU,VA
110680,1458,universityofcaliforniasandiego,universityofcaliforniasandiego,org_n0g6EW3cpnHQ1faykKKV,CA,UCSD |UC San Diego,CA
,,,theregentsoftheuniversityofcaliforniaatsandiego,org_ovoDeLCkxKr0JnFtG0bZ,CA,,
,,,universityofcaliforniasantabarbaraucsb,org_PDTKvEQcXSecWzmJkpQW,CA,,
,,,universityofcaliforniasantabarbara,org_9NA5AXaaAg4g7W6EcICE,CA,,
130794,1418,yaleuniversity,yaleuniversity,org_dohSKVcmU9ShGkFJpcx2,CT, ,CT
,,,yaleuniversityschoolofmedicine,org_fHqmt9Hs4W47L9DpGnEy,CT,,
212054,1396,drexeluniversity,drexeluniversity,org_sHdT5o9ApFadowU1SIiR,0,Drexel,PA
,,,drexeluniverisity,org_MlIy0LgoHQxsWMuPAfTn,PA,,
221999,1366,vanderbiltuniversity,vanderbiltuniversity,org_3D6F2aPtcWd1ZWhFmLOc,TN, ,TN
,,,vanderbiltuniversitycenterfortechnologytransferandcommercialization,org_ltf6A6tz70Q4VrHdrGRL,TN,,
,,,vanderbiltuniversityofficeoftechnologytransfer,org_TvxFUYHdlXCf9b8lVqVb,TN,,
162928,1364,johnshopkinsuniversity,johnshopkinsuniversity,org_Vt0xhoxswEfOELmUmVIX,MD,Johns Hopkins,MD
,,,thejohnshopkinsuniversity,org_WgQMSHozu20kaGqpRxAE,MD,,
,,,thejohnshopkinsuniversity,org_l3RVjcSeUj5qTjpISDmc,MD,,
,,,thejohnshopkinsuniversity,org_WgQMSHozu20kaGqpRxAE,MD,,
,,,thejohnshopkinsuniversity,org_l3RVjcSeUj5qTjpISDmc,MD,,
,,,johnhopkinsuniversityschoolofmedicine,org_P6gJngc5wAWeGkn4ePiq,MD,,
,,,johnhopkinsschoolofmedicine,org_tTlgLhQ6BnrNXAfTqrDu,MD,,
,,,johnshopkinsschoolofmedicine,org_0jZUHfvqiJX2PM5keP5o,MD,,
238032,1352,westvirginiauniversity,westvirginiauniversity,org_6rfCJRvAIDIVed7wRdcS,WV, ,WV
,,,westvirginiauniversityresearchcorporation,org_xVkHKVrPSBFYLwkkPzkr,WV,,
,,,westvirginiauniversityresearchcorpwvuofficeoftechnologytransferwvubusinessincubator,org_UVit5lGvf3kJ4TYERODM,WV,,
168148,1328,tuftsuniversity,tuftsuniversity,org_aWTw8G3pT3LgNw2AQdqe,MA, ,MA
,,,tuftsmedicalcenterinc,org_xfQyQwCL3NQemBSw9Gdk,MA,,
,,,tuftsmedicalcenter,org_DVO5WOh2SnqjXSVK1csY,MA,,
,,,tuftsuniversityschoolofmedicinehospitalinc,org_LQQluIHXocZz3gUQTfZi,MA,,
,,,trusteesoftuftscollegetuftsuniversity,org_w5tTnET92i6w4k1n9OFX,MA,,
,,,tuftsuniversitytrusteesoftuftscollege,org_mRwH2og4GRH4eXyI9dg8,MA,,
,,,thetrusteesoftuftsuniversity,org_XZJKdIP46kyAutLXrUPO,MA,,
,,,trusteesoftuftscollege,org_uAL8pWqEK4Da27QPS1FG,MA,,
,,,tuftscollege,org_flZgnXIq94eWLbQwziIh,MA,,
,,,trusteeoftuftscollegeballouhall,org_8clTCf5x5qFIWHlnsCfw,MA,,
201645,1314,casewesternreserveuniversity,casewesternreserveuniversity,org_9xxQEhEk810N7CRAKE3Q,OH,Case|CWRU|Case Western Reserve,OH
233921,1270,virginiapolytechnicinstituteandstateuniversity,virginiapolytechnicinstituteandstateuniversity,org_Gqcr5h6MeW4yhrwTpINF,VA,Virginia Tech,VA
,,,virginiapolytechnicinstitutestateu,org_XkAuth03LkcbPFLFlG4h,VA,,
,,,virginiatechfoundationinc,org_S3PqdEIzt5t8PGb3YIPU,VA,,
166683,1244,massachusettsinstituteoftechnology,massachusettsinstituteoftechnology,org_qFE73XHDuaJV50HFdNlg,IA,MIT |M.I.T.,MA
,,,mitmassachusettsinstoftechnology,org_21bTOwOLsTXC2MvbG2bZ,MA,,
,,,thegeneralhospitalcorporationmassachusettsinstituteoftechnology,org_JRwVz8cEM3l7FiNhSb88,MA,,
,,,thepennstateresearchfoundationmassachusettsinstituteoftechnology,org_qXWNJiwcHbMgnrubizh5,MA,,
,,,massachusettsinstituteoftechnologypresfellowsofharvardcollege,org_9v8YOzrEMGDqEfFndRjl,MA,,
179159,1232,saintlouisuniversity,saintlouisuniversity,org_FzvXNYVJPojUR67Halwu,MO, ,MO
,,,saintlouisunivesrity,org_8FmPsRCYV6AXgpqbOfRV,MO,,
,,,stlouisuniversity,org_RD9hxrdUPeiXQ216bBJ9,MO,,
,,,stlouisuniversityhealthsciencescenter,org_5nHzxE6sD1DFVLm5aodp,MO,,
,,,stlouiscollegeofpharmacy,org_SGIY4VDlr0BceHroRKW2,MO,,
167358,1190,northeasternuniversity,northeasternuniversity,org_98WEYjyePIFqFUZTVfMG,MA, ,MA
176017,1172,universityofmississippi,universityofmississippi,org_4NC4mLqLkT5QspTbjqAq,MI,Ole Miss,MS
,,,universityofmississippimedicalcenter,org_4dHdEqyxHNAJcqfYcRID,MS,,
,,,theuniversityofmississippi,org_YxpuFU6MbKc11Ihwi9Iy,MI,,
,,,theuniversityofmississippimedicalcenter,org_amfgZBmezQU87iitTNff,MS,,
197708,1146,yeshivauniversity,yeshivauniversity,org_kVaBI53lK7E1qjzVvJK6,NY, ,NY
,,,yeshivauniverstiy,org_34REGcDvWz4CygK8ttVe,NY,,
,,,alberteinsteincollegeofmedicineofyeshivauniversity,org_QqqO1sFxDztBjPaKrNLw,MA,,
,,,alberteinsteinschoolofmedicineofyeshivauniversity,org_3kv151l9IxagJZc4w65k,NY,,
,,,alberteinstincollegeofmedicineofyeshivauniversityadivisionofyeshivauniversity,org_8fngxB2obVlZETpPvtni,NY,,
100858,1134,auburnuniversity,auburnuniversity,org_gbKl7pCUzik5EUg8dnuy,NY, ,AL
,,,auburnuniversityresearchfoundation,org_VAxVPeUiwhoKD1ujxdcr,AL,,
229115,1114,texastechuniversity,texastechuniversity,org_Q8zls1EiJCBUhbAjg7wz,TX, ,TX
,,,texastechuniversityhealthsciencescenter,org_vFF6TgLShF3TrEcZJzPg,TX,,
,,,texastechnuniversity,org_7wd3qLBmJbNnC1v8r5lt,TX,,
,,,texastechuniversityhealthservicescenter,org_XjngazCfWwCXtLmktsvI,TX,,
139940,1068,georgiastateuniversity,georgiastateuniversity,org_aUZNUxuejfYqP0ooo2TL,GA, ,GA
,,,georgiastateuniversityresearchfoundationinc,org_GI9ymAVOahlBlzfy9Wd4,GA,,
,,,thegeorgiastateuniversity,org_fl9gMvBKQW3V2GRILj9v,GA,,
,,,georgiastateunivresearchfoundation,org_XwCsF55xx1yZ3tShCCYL,GA,,
,,,georgiastateuniversityresearchfoundation,org_BIw4q6yOuB0Nni1d7K3H,GA,,
,,,georgiastateuniversityresearchfoundinc,org_weuQO1Xsy7R2yCme3JSY,GA,,
,,,thegeorgiastateuniversityresearchfoundation,org_w9yVQgRJmqZiBaVCzGv3,GA,,
,,,georgiastateuniversityresearchfoundtioninc,org_w56j8hjnkBTcQ4aBpNlY,GA,,
,,,georgiastateresearchfoundationinc,org_IEmS7x8Bm86PlnauBvn3,GA,,
,,,georgiastateuniversityfoundationinc,org_hDAAKfsjk4W7y5aMMza9,GA,,
,,,georgiastateunivesityresearchfoundationinc,org_is2rWPU9mF18MOsuz9HG,GA,,
117636,1068,lomalindauniversity,lomalindauniversity,org_N9DNwG3XrM3EutFeBcrs,CA, ,CA
,,,lomalindauniversitymedicalcenter,org_jJqLZYPIAm8D5Oo1djYx,CA,,
134130,4016,universityofflorida,universityoffloridaresearchfoundationinc,org_OCERKHSiVqw6LWovDvju,FL, ,FL
0,0,0,univoffloridaresearchfoundationinc,org_SwUlN8soNPiHdiWWvWGx,FL,0,0
0,0,0,universityoffloridafoundationinc,org_FVxLY5V9ghywwykXnOeF,FL,0,0
0,0,0,univoffloridaresearchfoundation,org_x3OqWpVyOwGRosOPqQwD,FL,0,0
174066,3372,universityofminnesotatwincities,regentsoftheuniversityofminnesota,org_wvzdiPa0GEQ8ftWQrrBn,MN, ,MN
0,0,0,refentsoftheuniversityofminnesota,org_qit6RJ9acdfZu2WbQpaq,MN,0,0
0,0,0,regentsoftheuniversityofminnesotaofficefortechnologycommercialization,org_o0JFZgRmKpuuWwvUjhHI,MN,0,0
,,,minnesotaminingmfgcoregentsoftheuniversityofminnesota,org_W27TOIxp7CAhdvuHqFXi,MN,,
,,,regentsoftheuniversityofminnesotaemoryuniversity,org_vFKjRrXqUvjH5qKhobEJ,GA,,
204796,3202,ohiostateuniversitymaincampus,theohiostateuniversity,org_k6PTNHJATwjyRa5HMwiV,OH, ,OH
,,,ohiostateresearchfoundation,org_Wx3V6qLr1Ol0N0j9RumL,OH,,
,,,ohiostateinnovationfoundation,org_2RsagldVcXMvMtTy23Es,OH,,
,,,theohiostateresearchfoundation,org_WabDPOfuizzHWtukyec6,OH,,
,,,ohiostateinnovationfoundationandresearchinstituteatnationwidechildrenshospital,org_FLw1GAsxS4ownRS55yyF,OH,,
170976,3044,universityofmichiganannarbor,theuniversityofmichiganannarbor,org_eBI98QMqUPVgkEEGeLCW,MI,U of Michigan|U of M|Univ of Michigan|U Michigan Ann Arbor|University of Michigan Ann Arbor,MI
0,0,0,universityofmichigan,org_x822Eey2EN7b63movEGL,MI,0,0
0,0,0,unversityofmichigan,org_AaoixH5dNACteGAtyYmE,MI,0,0
,,,theregentsoftheuniversityofmichigan,org_qpYVjiJUv53BQE4Rpdjw,MI,,
,,,universityofmichigantheboardofregentsactingforandonbehalfofthecotechnologymanagementoffice,org_pxzB1tggzgCXjkvYXGX1,MI,,
,,,theuniversityofmichigan,org_BtwHLezdkOxx3uDeoy0H,MI,,
,,,univeristyofmichigan,org_sqkb8xDCywD0xmAaKC86,MI,,
,,,universityofmichigantheboardofregents,org_4xvn59IOUicjpzUoARdb,MI,,
,,,thetrusteesoftheuniversityofmichigan,org_Xr0HhRVawwJOe8S63Ikc,MI,,
,,,thereagentsoftheuniversityofmichigan,org_n2TCUsfYwZOdY2LMZcGV,MI,,
,,,theboardofregentsoftheunivofmichigan,org_7Bx7NVOV7nXz4YjyQ43p,MI,,
,,,theboardofregentsactingforandonthebehalfoftheuniversityofmichigan,org_XQap78ioO9gdAWd88LtT,MI,,
,,,theboardofregent6softheuniversityofmichigan,org_AM6DjrMkammrrGWmjl0H,MI,,
228723,2886,texasamuniversitycollegestation,thetexasamuniversitysystem,org_dBrwaV5RrhjtABTROePN,TX,Texas A&M | TAMU,TX
,,,thetexasamuniversitysystematexasstateagency,org_fZc33magOZcw2BLV7S0P,TX,,
,,,thetexasamuniversityanagencyofthestateoftexas,org_I0L1rTaSHX7xfhpBF92i,TX,,
240444,2870,universityofwisconsinmadison,universityofwisconsinmilwaukee,org_iNgvqNwnk8xq0k3Dk5KJ,WI, ,WI
,,,wisconsinalumniresearchfoundation,org_v4MrYLJ0gVQ8GjFlkmj0,WI,,
,,,warfwisconsinalumniresearchfoundation,org_ZKqtbJfIb1x5UASe8EJi,WI,,
110662,2836,universityofcalifornialosangeles,theregentsoftheuniversityofcalifornia,org_gNDBUnO2KZC4eGfnvDOX,CA,UCLA,CA
,,,thelosangelesbiomedicalresearchinstituteofharboruclamedicalcenter,org_IFtp4gN0TQWFZnohbA29,CA,,
,,,losangelesbiomedicalresearchinstituteatharboruclamedicalcenter,org_o6RRBhOClFT3untQu5nX,CA,,
,,,harboruclaresearchandeducationinstitute,org_TIq7OJ72zV8eCS8kbXI4,CA,,
,,,researchandeducationinstituteincharboruclamedicalcenter,org_K5CXfy24pxXRVhXseMGd,CA,,
110644,1838,universityofcaliforniadavis,theregentsofcalifornia,org_CYqygw7JcCw0kMn2YoCD,CA,UC Davis,CA
110653,1182,universityofcaliforniairvine,theboardofregentstheuniversityofcalifornia,org_QuUTGhKjmwAFbdZshanI,CA,UCI |UC Irvine,CA
0,0,0,therregentsoftheuniversityofcalifornia,org_iXhsuhwurAUpM4NAR5fU,CA,0,0
0,0,0,thcregentsoftheuniversityofcalifornia,org_rCW0pVD65L6oLWUUgvM2,CA,0,0
0,0,0,theregentsoftheuniversityofcaliforniaofficeoftechnologytransfer,org_VSkN7in4Jjr4eq0DLiHI,CA,0,0
0,0,0,theregentsoftheunivesityofcalifornia,org_mO4stj2fjDjYDDQSf8My,CA,0,0
0,0,0,thebdofregentsoftheuniversityofcalifornia,org_pgM5th9inx9lIVcVryET,CA,0,0
0,0,0,universityofcaliforniapatenttrademarkcopyrightoffice,org_BfOuP7oDr7m5dNXJ0H0b,CA,0,0
0,0,0,theregentsoftheuniersityofcalifornia,org_aFRK7SlafRmofB25ydSk,NM,0,0
0,0,0,regentoftheuniversityofcalifornia,org_RtWyWBROFj634rM70q0T,CA,0,0
0,0,0,universityofcaliforniaofficeoftechnologytransfer,org_xce9xOUwKBC3aDG2Ca0D,CA,0,0
236948,2674,universityofwashingtonseattlecampus,universityofwashingtonatseattle,org_NQ2eMUNRI6ZCzPAqGu16,WA,"UW-Seattle, UDub, UW, Washington",WA
0,0,0,universityofwashington,org_i8TwZhmC8CMJmSP8J5Ll,DC,0,0
0,0,0,unviersityofwashington,org_xYOKq8Hrrdw0HElKuzwC,WA,0,0
,,,universityofwashingtonthroughitscenterforcommercialization,org_2LEXgaXRyuhVmLAxn096,WA,,
,,,universityofwashingtoncenterforcommercialization,org_rZca9fzcbhFUzhsSsLzH,WA,,
,,,boardofregentsuniversityofwashington,org_6hW3rFm52S85p5PF5ZZi,WA,,
,,,universityofwashingtonfredhutchinsoncancerresearchcenter,org_Zo1TNLvBmw7WraLp1PlB,WA,,
,,,univesityofwashingtonthroughitscenterforcommunication,org_ItrkWnH60yHO2NLkCvU8,WA,,
,,,theboardofregentsoftheuniversityofwashingtonandzymogeneticsinc,org_v07SgqamGWs5FTq8OvLc,WA,,
,,,theboardoftheuniversityofwashington,org_PI4qEIOKMDbm3naEw5KY,WA,,
,,,universityofwashingtonitscenterforcommercialization,org_BS2x6Sp1VPBZYi8FUy1r,WA,,
,,,theboardofregentsoftheuniversityofwashingtonofficeoftechnologytransfer,org_3mT0PyXCcFev5F7w6Gr6,WA,,
,,,boardofregeantoftheuniversityofwashington,org_WslChu3t9bS6vj8Vku9i,WA,,
,,,universityofwashingtonuwtechtransferinventionlicensing,org_0gOwtBkCKFZYAUoMfTxM,WA,,
,,,universityofwashingtonthroughitscenterforcommercialiation,org_SswHQNcVG9bwkybZClP5,WA,,
190150,2662,columbiauniversityinthecityofnewyork,thetrustessofcolumbiauniversityinthecityofnewyork,org_vqHxKnvet4UogBpeTI3q,NY,Columbia University,NY
0,0,0,thetrusteesofcolumbiauniversityinthecityofnewyork,org_m9QbqfmX9MZ9LKAQVfpT,NY,0,0
,,,thetrusteesofcolumbiauniversityinthecityofnewyorkresearchfoundationofstateuniversityofnewyork,org_QJMVQoHoc7k0hKkqqr64,NY,,
,,,thetrustesofcolumbiauniversityinthecityofnewyork,org_Db7VcjV1RHo8QKE1429g,NY,,
,,,thetrusteesofcolumbiainthecityofnewyork,org_kGdLY3KAMjdFucVx2dVm,NY,,
186380,2644,rutgersuniversitynewbrunswick,rutgersuniversity,org_84tA1E3RFlMzvbxqWspv,NJ,"Rutgers, The State University of New Jersey|Rutgers, The State University|Rutgers University|Rutgers, New Brunswick |Rutgers University-New Brunswick|Rutgers-New Jersey|Rutgers, The State University New Brunswick/Piscataway|Rutgers, New Brunswick|Rutgers|RU|Rutgers, New Jersey",NJ
0,0,0,rutgerstheuniversityofnewjersey,org_VEvHjhfXQuM9uu9g29lQ,NJ,0,0
0,0,0,rutgersthestateuniversityofnewjersey,org_W5MCWVWSG6RJ5dJICA8y,NJ,0,0
,,,rutgersresearchandeducationalfoundation,org_3NdkMhC2C9ZRrt3Gnkw9,NJ,,
,,,rutgersthestateofnewjersey,org_S20Cw3dIXnOo67q6kpba,NJ,,
,,,thestateuniversityofrutgers,org_ZmVDONZ3Pgm1qIIkroYU,NJ,,
,,,thestateuniversityrutgers,org_GHo9RX8K3liK3CGAHiTl,NJ,,
,,,thestateofuniversityofnewjerseyrutgers,org_MTrj44dpZY9Meu5ckwYY,NJ,,
215062,2574,universityofpennsylvania,thetrusteesoftheuniversityofpennsylvania,org_XDZxlZmYQbt9ngbQcwcI,PA,"Penn, U of PA, U-Penn, U of P, Pennsylvania, UPenn, Pennsylvania University, University of Pennsylvania, Wharton, Wharton School of Business",PA
,,,pennsylvaniatrusteesoftheuniversityofthe,org_ouCSADg7Yy7u2l3z5KmL,PA,,
228778,2568,theuniversityoftexasataustin,thebdofregentsoftheuniversityoftexas,org_qTXLFw8EBeumDHK17lPi,TX,UT Austin,TX
0,0,0,bdofregentsunivoftexas,org_t6vvjCqQrl7XtNsv0Ac9,TX,0,0
199120,2498,universityofnorthcarolinaatchapelhill,theuniversityofnorthcarolinaatchapelhill,org_v7cLORli4kioy20t9gRG,NC, ,NC
,,,northcarolinaatchapelhilluniversityof,org_sQiqxTXoSqSEnkpd9MNB,NC,,
,,,northcarolinauniversity,org_DjIfSARReOYuP621P8xM,NC,,
,,,theuniversityofnorthcarolinaatcharlotte,org_oGjQ7OAz5h3J1vYCd4s6,NC,,
,,,theuniversityofnorthcarolinagreensboro,org_stHkji4Ofvpzicislmfb,NC,,
,,,theuniversityofnorthcarolinaatgreensboro,org_vJnDuvIiYBcvyOB5fXH8,NC,,
110635,2364,universityofcaliforniaberkeley,lawrenceberkeleylaboratoryuniversityofca,org_P6qg3Ud7JKifTH7BS6mi,CA,UC Berkeley,CA
,,,lawrenceberkeleylaboratory,org_7blSfFgIR7Ot8MJEMRlJ,CA,,
,,,lawrenceberkeleynationallaboratory,org_0CisWpmiJWuabIyoyuHj,CA,,
215293,2146,universityofpittsburghpittsburghcampus,universityofpittsburgh,org_63p9vb7wL97FG8j7aVUJ,PA, ,PA
,,,theuniversityofpittsburghofficeoftechnologytransfer,org_fg6P0jqWxMOs77adanwi,PA,,
,,,universityofpittsburghuniversitypatentcommitteepolicyandprocedures,org_y0ENEU4swXn3yNFzq8HU,PA,,
164988,2132,bostonuniversity,trusteesofbostonuniversity,org_VNFXglifTYaTCj0rmwJp,MA,BU|Boston U,MA
0,0,0,trusteeofbostonuniversity,org_GxZ68EuWgB1XevvAffnL,MA,0,0
0,0,0,trusteesofbostonuniversityboston,org_koFjBw3Fe35cooFYa41n,MA,0,0
145600,2124,universityofillinoisatchicago,universityofillionischicago,org_WOE303pFhupitkWCiXom,IL,UIC|U of I-Chicago|Illinois-Chicago|U of I-Medical Center|University of Illinois-Medical Center|,IL
0,0,0,universityofillinoisfoundation,org_X52JZLHtFarX6dVhRfqv,IL,0,0
243780,1984,purdueuniversitymaincampus,purdueresearchfoundation,org_WPCTs9KtsH34qlVo85py,IN,Purdue-West Lafayette|Purdue|PU|Purdue-WL,IN
0,0,0,purduereseachfoundation,org_rA7iz62EnFDs9NVgfgFr,IN,0,0
0,0,0,purdueresearchfoundationofficeoftechnologytransfer,org_zytQd5EsvrNGo0Z0YXZn,IN,0,0
,,,purdueresearchlaboratory,org_oUbEhJXxzSgCLN31Fk1S,IN,,
196088,1892,universityatbuffalo,theresearchfoundationforthestateuniversityofnewyorkuniversityatbuffalo,org_HXgKKcUujtlYvIl7eDGq,NY,University at Buffalo|UB|State University of New York at Buffalo|SUNY Buffalo|University of Buffalo,NY
0,0,0,theresearchfoundationofstateuniversityofnewyorkatbuffalo,org_VA90johZNcRqPUxwLNQW,NY,0,0
0,0,0,theresearchfoundationofsunyatbuffalo,org_xmP90PvjSGjpGT2rv6cK,NY,0,0
0,0,0,universityofbuffaloofficeofsciencetechtransfer,org_Fhg7oz2VRxpceqjd7hOZ,NY,0,0
,,,theresearchfoundationofsuny,org_icr5rS8mjU7mIVGqI6re,NY,,
,,,sunyresearchfoundation,org_cUz8mWUFPhAVP2aIVgpn,NY,,
,,,theresearchfoundationofsunystateuniversityplaza,org_6uzjDUThiCGvlTKgJhIy,NJ,,
,,,theresearchfoundationforsuny,org_SDwvSOWp7fHP1FOPeUfZ,NY,,
,,,researchfoundationofstateuniversityofnewyorktheofficeoftechnologylicensingsuny,org_Nuz7ZE3qIFYa087V1HCw,NY,,
104179,1872,universityofarizona,thearizonaboardofregentsonbehalfoftheuniversityofarizona,org_CQwp0WKy711lruDUqaAn,AZ,"UA|U of A|Arizona|UofA|The University of Arizona|University of Arizona|University of Az|AZ|Univ. of Arizona|Univ. of Az|Tucson|Tucson, AZ|the university of Arizona|the Univ. of Az|the U of AZ|the U of Az|Ariz.|Arizona University|Az+university|85721|AZ+univ|AZ university|",AZ
0,0,0,arizonaboardofregentsbehalfofuniversityofarizona,org_LTArnrkeRXSYCOFI8OYP,AZ,0,0
0,0,0,thearizonaboardofregentsofbehalfoftheuniversityofarizona,org_J6ObyIrYPtiT6jx3ipfJ,AZ,0,0
0,0,0,thearizonaboadofregentsonbehfloftheuniversityofarizona,org_v7mubp49YxJ0SfkMqKx9,AZ,0,0
,,,arizonaboardofregents,org_FBBl9dBE0Q4SVsZc6qKN,AZ,,
,,,theboardoftrusteesoftheuniversityofarizona,org_gbaNKIVWbsDdSBLDxcUf,AZ,,
,,,arizonaboardofregentsonbehalfoftheuniversityofarizonaabodycorporate,org_JFSqaoeRpoMFKA7IFxn0,AZ,,
153658,1844,universityofiowa,universityofiowaresfdn,org_MNpr612q6cUu42gYeEM7,IA,0,0
0,0,0,iowaresearchtheuniversityfoundation,org_OjqqETXpqdIs6st8LSbz,IA,0,0
,,,universityofiowaresearchfoundation,org_MOjfYdywllmZeE18zdfF,IA,,
157085,1784,universityofkentucky,universityofkentuckyresearchfoundation,org_qpcOrNc69zckkUXjKib5,NC, ,KY
0,0,0,boardoftrusteesoftheuniversityofkentucky,org_76gWrOLtbZJAv1zMgNPz,KY,0,0
0,0,0,boardoftrusteesoftheuniversityofkentuckyadministrationbuildinguniversityofkentucky,org_VvbmvuFp5YqoC1HZhX9T,KY,0,0
0,0,0,universityofkentuckyresearchfoudation,org_en8wuhNzm2JPFtECZpN3,KY,0,0
0,0,0,boardoftrusteeoftheuniversityofkentucky,org_FQIN0D5RxpWkKcPUORVH,KY,0,0
,,,universityofkentuckyresearchfoundationboardofsupervisorsoflouisianastateuniversity,org_0GBxaZkA25JMQZlgvfaa,KY,,
151111,1652,indianauniversitypurdueuniversityindianapolis,indianauniversityfoundation,org_lXdV50gmYx9idt990m6b,IN,0,0
,,,indianauniversityresearchandtechnologycorporation,org_ZAtQZAx5JzqAMrD3EHkA,IN,,
151351,1482,indianauniversitybloomington,indianauniversityadvancedresearchandtechnologyinstitute,org_sRMEtkAPqjxJxDsnhrKw,IN,IU|IUB|IU Bloomington|,IN
0,0,0,thetrusteesofindianauniversity,org_QSfo6AQaKbMrxKHcZbLo,IN,0,0
178396,1626,universityofmissouricolumbia,thecuratorsoftheuniversityofmissouri,org_OUulrkRq7ZklZU5qxcgI,MO, ,MO
,,,thecuratorsoftheunivesityofmissouri,org_Rp6eI2qnSTehkvit6Ufs,MO,,
,,,thecuratoroftheuniversityofmissouri,org_iC8tDZ0eS2w1s2TJKPZc,MO,,
,,,thecuratorsoftheuniversityofmissourionbehalfoftheuniversityofmissourirolla,org_3EvzHAkcKwuGpLvsCZ2i,MO,,
,,,thecuratorsoftheuniversityofmissouriuniversityofmissourisystemofficeoftechnologyandspecialprojects,org_RLl5BcHb44sOmuXicI0M,MO,,
178402,1190,universityofmissourikansascity,universityofmissouri,org_KSs0ZN2bbUiJBBobgGpJ,MO, ,MO
214777,1618,pennsylvaniastateuniversitymaincampus,pennsylvaniastateuniversity,org_EoNvZAhulFCy6lOi9qlQ,PA,Penn State,PA
0,0,0,thepennsylvaniastateuniversity,org_dpCh8TmZBiSX3m0WYz9Q,PA,0,0
,,,thepennstateresearchfoundation,org_oc1bCBtS9yjBGFF0gQAc,PA,,
,,,thepennstateresearchfoundation,org_HskCoBASzR0RwYYgpLED,PA,,
,,,thepennstateresearchfoundation,org_oc1bCBtS9yjBGFF0gQAc,PA,,
,,,thepennstateresearchfoundation,org_HskCoBASzR0RwYYgpLED,PA,,
,,,pennstateresearchfoundationandbiotechnologyresearch,org_G7H2ZAb6FH2a3gaJPFyQ,PA,,
,,,thepennstateuniversity,org_R9XSFBPOdqxovAhYsUhF,PA,,
,,,thepennstatesresearchfoundation,org_AzZh9qQhOoAf0Axd7FF2,PA,,
,,,pennstateresearchfoundationandbiotechnologyresearchanddevelopmentcorporation,org_YCcXpfk23bjLM702eYQ2,PA,,
,,,thepennstateresearchfoundationpennstatersrchfoundtnbiotechnolrschdevcorp,org_ZazGtGI5XYqBlQOMpSH7,PA,,
234076,1618,universityofvirginiamaincampus,universityofvirginia,org_yBitY6M22Y8klfL6svuE,VA,University of Virginia |UVa |UVA,VA
0,0,0,theuniversityofvirginia,org_2p9t5fAwzoWpOiqOZ8kO,VA,0,0
,,,universityofvirginiapatentfoundation,org_lHOY1rKeGCOWMHHmjBl9,VA,,
,,,theuniversityofvirginiaalumnipatentsfoundation,org_mCRlPxpg5c7X5Wj7yOaj,VA,,
,,,unversityofvirginiapatentfoundation,org_cKTG81jeq3B7S7rSnhf0,VA,,
179867,1582,washingtonuniversityinstlouis,washingtonuniversity,org_ziLZcsm0z43kw3r8LvLS,WA,"WUSTL |Washington U |WashU |Washington, St. Louis |Washington University in St. Louis |Washington University, St. Louis |WashU |Wash-U |Wash U |Wash. U.",MO
,,,washingtonuniversityschoolofmedicine,org_D2E1yvZUmhYM86rezPzJ,MO,,
230764,1580,universityofutah,universityofutahresearchfoundation,org_vvxgvomHFLmkEvWGVVFN,UT,The U,UT
0,0,0,univofutahresearchfoundation,org_8HJGTjyFHMxeOM5DdDzC,UT,0,0
0,0,0,univeristyofutahresearchfoundation,org_Vcwij5wpRYaP4mutzU0J,UT,0,0
0,0,0,technologytransferofficetheuniversityofutah,org_11UWdKHfwThONcIkX0Fb,UT,0,0
0,0,0,theunivsersityofutahresearchfoundation,org_xES3lRcsWFmosBS2mhjv,UT,0,0
218663,1522,universityofsouthcarolinacolumbia,universityofsouthcarolina,org_zOwAhst1E35gl4YIAjkU,SC, ,SC
,,,southcarolinaresearchinstitute,org_JXjI1qBkTNQQM8l9M17X,SC,,
134097,1492,floridastateuniversity,thefloridastateuniversityresearchfoundationinc,org_PFW6pfLwWKTK8d9JJHND,FL,Florida State|F.S.U.|FSU|F. S. U.|Fla. State University|Fla. State|Fl State University|Fl State|FL State University|FL State|Seminoles|Noles|Florida State Seminoles|Florida State University Seminoles|Fl. State|Fl. State University|The Florida State University|Floridia State University|Florda State University|Florida State Univerisity|Flordia State University|Florida State Unversity|,FL
0,0,0,floridastateuniversityofficeofcommercialization,org_5jZHjJUGL7mofhzFW1x9,FL,0,0
0,0,0,floridastateuniversitytechnologytransferoffice,org_btXMAkqwtF30LlvmSzPQ,FL,0,0
137351,1442,universityofsouthfloridamaincampus,universityofsouthflorida,org_pH1vC2bsK7MkC8ISg7kP,FL,USF Main Campus |USF Tampa Campus |USF Tampa |USF,FL
,,,universityofsouthfloridaafloridanonprofitcorporation,org_tKHuYkl6vzTO9TrKetA7,FL,,
144050,1392,universityofchicago,theuniversityofchicago,org_2PLo2PHyKPoTdwGXjyOm,NY, ,IL
,,,theuniversityofchicagoarchdevelopmentcorp,org_PxLOSblnlBs2sxFStl9p,IL,,
,,,theuniversityofchicagodevelopmentcorporation,org_rxqDBKKD5oGc2Et4ntId,IL,,
,,,argonnenationallaboratoryuniversityofchicagodevelopmentcorp,org_Kdu4YEsyQFOUAy61W0Ol,IL,,
,,,universityofchicagoofficeoftechnologytransfer,org_TGFCMMqZIRiUoUmrKQju,IL,,
,,,uchicagoargnonnellc,org_92ls428XXtuJHl8UwOD2,IL,,
126562,1354,universityofcoloradodenveranschutzmedicalcampus,universityofcoloradoresearchfoundation,org_GSFYFNZFuyGH5GKhZqml,CO,University of Colorado Denver |University of Colorado Anschutz Medical Campus | |UCD,CO
,,,theregentsoftheuniversityofcolorado,org_xErGqzimJcXPSt7nJ4FR,CO,,
,,,theregentoftheuniversityofcolorado,org_06CB4VccrIuLVIfZyDWv,CO,,
,,,univofcoloradocoloradosprings,org_jmZX76nNwKMgvBV9qsAn,CO,,
,,,boardofreventsofuniversityofcolorado,org_JzBBDhA2899MSsqxE2JO,CO,,
201885,1318,universityofcincinnatimaincampus,universityofcincinnati,org_GqAf99mxCj0XNcabvm2u,OH, ,OH
0,0,0,univeristyofcincinnati,org_cWcRXPPNxESPOphQMxWY,OH,0,0
,,,universityofcincinnatiandapologicincorporated,org_zn23vkjIc52ax7mr8E75,OH,,
199193,1270,northcarolinastateuniversityatraleigh,northcarolinastateuniversity,org_XcjyIVkC1RsbtFFxQ4eh,NC,NC State University | NC State | N C State University | N C State | NCSU,NC
0,0,0,northcarolinaatstateuniversity,org_17qLwdWuSEOK5DgKnIHw,NC,0,0
0,0,0,noerhcarolinastateuniversity,org_UuykoM6YYbJkBvz4MdUl,NC,0,0
195809,1216,stjohnsuniversitynewyork,stjohnsuniversity,org_YVkiD7Sqcfy6OEsdiA9n,NY, ,NY
163286,1200,universityofmarylandcollegepark,universityofmaryland,org_kDV0qwfOguwcIpT2iOzX,MD, ,MD
,,,universityofmarylandcollegeparkofficeoftechnologycommercialization,org_DS3hXgePJwstz3VdKIcB,MD,,
196097,1184,stonybrookuniversity,stateuniversityofnewyorkatstonybrook,org_MpQwQngocP4hhlJB1s7A,NY,SUNY Stony Brook |State University of New York at Stony Brook,NY
0,0,0,theresearchfoundationofsunyatstonybrook,org_pnsz0AlUxpyvzLnU6qx9,NY,0,0
0,0,0,researchfoundationofstateuniversityofnewyorkthesunyatstonybrook,org_9WL1KIBQ8dbn7X1m8CBE,NY,0,0
126614,1176,universityofcoloradoboulder,universityofcoloradoboardofregents,org_3KEUbRzNyZke4d2OuI19,CO,U of Colorado|Univ of Colorado|University of Colorado|U of CO|Univ of CO|University of CO|Boulder|CU|CU-Boulder|UCB|CUB|Colorado|Colorado University|U of Colo|Univ of Colo|University of Colo|Colo|Buffs|Buffalos|Buffaloes|CU at Boulder|Golden Buffs|University of Colorado at Boulder,CO
487010,1176,theuniversityoftennesseehealthsciencecenter,universityoftennesseeresearchfoundation,org_HSuZqEJyw90wi9I7fVRz,OH,UTHSC,TN
221759,1124,theuniversityoftennesseeknoxville,tennesseeboardofregents,org_7H6YTSh3NTtD3ie0NP7B,TN, ,TN
0,0,0,theuniversityoftennesseeeresearchcorporation,org_GhYzxZLF3gZijss9H3un,TN,0,0
159391,1168,louisianastateuniversityandagriculturalmechanicalcollege,louisianastateuniversityandagriculturalandmechanicalcollege,org_HeUPACcw14Niz8T57pM4,LA,Louisiana State University|LSU,LA
,,,louisianastateuniversityandagriculturalandmechanicalcollegethroughitsmedicalcenter,org_QVhgY40X8GTHe77NKLg2,LA,,
,,,boardofsupervisorsoflouisianastateuniversityandagriculturalandmechanicalcollege,org_hPzpEfcceExkF9jU0mwi,LA,,
,,,theboardofsupervisorsoflouisianastateuniversityandagriculturalandmechanicalcollegeactingthroughlouisianastateuniversityhealthsciencescenter,org_bq43avkD1HkDxfzeFYZ8,LA,,
,,,thelouisianastateuniversitymedicalcenterfoundation,org_yOgYXJep2RMtJA2kX9qN,LA,,
0,0,0,louisianastateuniversityandmechanicalcollege,org_podfd52ZNkScuX06QvMR,LA,0,0
,,,fortheboardofsupervisorsoflouisianastateuniversityandagriculturalandmechanicalcollegeactingonbehalfoflouisianastateuniversityhealthsciencescenteratshreveport,org_OwAfca2kdqgE1Jox6yhY,LA,,
,,,boardofsupervisorsoflouisianauniversityandagriculturalandmechanicalcollege,org_LaoR9zPPpq4FMDEuSSVy,LA,,
,,,boardofsupervisorsoflouisianastateuniversityactingonbehalfoftheuniversityoflouisianaatmonroe,org_BKaPDtpgMqIaAlaJRB5I,LA,,
110699,1158,universityofcaliforniasanfrancisco,theuniversityofcaliforniaatsanfrancisco,org_w2AJZTiTCRhYeikvkV15,CA,"UCSF |UC San Francisco |University of California at San Francisco |University of California, San Francisco",CA
125231,2600,waldenuniversity,,,,,
413413,2382,capellauniversity,,,,,
407629,1866,lakeeriecollegeofosteopathicmedicine,,,,,
166656,1376,mcphsuniversity,,,,,
154174,1346,palmercollegeofchiropractic,,,,,
367954,1152,universityofstaugustineforhealthsciences,,,,,
143853,1184,midwesternuniversitydownersgrove,,,,,
423643,1288,midwesternuniversityglendale,,,,,
177834,1526,atstilluniversityofhealthsciences,,,,,
444130,1536,northcentraluniversity,,,,,
